fold,variant,seed,scene,n_obj,n_moving,ade_all,fde_all,ade_moving,fde_moving,gate,minade_all,minfde_all,minade_moving,minfde_moving
0,k6w001,0,7e2f727866c69ea0,84,83,9.56551,19.01393,9.65722,19.21516,nan,3.51791,6.67085,3.53954,6.72764
0,k6w001,0,82f90331a1dfe968,99,98,4.70657,7.78290,4.73809,7.84415,nan,3.12418,4.87684,3.13955,4.90843
0,k6w001,1,7e2f727866c69ea0,84,83,9.61996,19.97977,9.71994,20.20285,nan,4.26961,7.79568,4.30513,7.87197
0,k6w001,1,82f90331a1dfe968,99,98,4.53056,8.01845,4.56478,8.08766,nan,3.37415,5.82542,3.39658,5.87225
0,k6w001,2,7e2f727866c69ea0,84,83,8.93364,17.98824,9.02715,18.19131,nan,3.06812,7.25909,3.09096,7.33289
0,k6w001,2,82f90331a1dfe968,99,98,4.44827,7.21318,4.48286,7.27682,nan,3.22613,4.63192,3.24826,4.66923
0,k6w001,3,7e2f727866c69ea0,84,83,8.34598,16.57148,8.42760,16.75193,nan,2.73670,3.08681,2.75074,3.10479
0,k6w001,3,82f90331a1dfe968,99,98,4.66953,8.05686,4.70219,8.12448,nan,3.51843,6.40696,3.53934,6.45775
0,k6w005,0,7e2f727866c69ea0,84,83,2.15451,4.48117,2.15491,4.51016,nan,2.02279,4.25417,2.02701,4.28226
0,k6w005,0,82f90331a1dfe968,99,98,4.20268,7.44012,4.22463,7.49596,nan,2.95615,5.01043,2.97038,5.04338
0,k6w005,1,7e2f727866c69ea0,84,83,2.23298,2.70523,2.23789,2.71706,nan,2.20969,2.70467,2.21433,2.71649
0,k6w005,1,82f90331a1dfe968,99,98,4.57428,8.53440,4.60360,8.60586,nan,3.75080,6.06206,3.77172,6.10829
0,k6w005,2,7e2f727866c69ea0,84,83,8.12683,16.49463,8.21017,16.67950,nan,1.49222,2.46657,1.49562,2.48243
0,k6w005,2,82f90331a1dfe968,99,98,4.61230,7.18342,4.64772,7.24609,nan,3.60657,5.20959,3.63172,5.25212
0,k6w005,3,7e2f727866c69ea0,84,83,3.50098,5.88395,3.51611,5.92498,nan,3.37195,5.70040,3.39516,5.75126
0,k6w005,3,82f90331a1dfe968,99,98,3.83299,6.68182,3.85077,6.72738,nan,2.81019,4.70096,2.82565,4.73600
0,k6w02,0,7e2f727866c69ea0,84,83,6.42065,11.82637,6.47006,11.93678,nan,2.69105,4.62068,2.70633,4.65956
0,k6w02,0,82f90331a1dfe968,99,98,4.18601,6.93334,4.20640,6.97913,nan,2.99631,4.36158,3.01306,4.39328
0,k6w02,1,7e2f727866c69ea0,84,83,2.05225,3.52213,2.06678,3.55602,nan,1.98564,3.28447,1.99936,3.31550
0,k6w02,1,82f90331a1dfe968,99,98,4.06155,7.74238,4.09516,7.81483,nan,3.18563,5.71888,3.21030,5.77069
0,k6w02,2,7e2f727866c69ea0,84,83,6.30687,12.87950,6.36308,13.01001,nan,1.84911,2.99420,1.85161,3.00562
0,k6w02,2,82f90331a1dfe968,99,98,3.75949,6.88827,3.78203,6.93897,nan,2.92839,5.12575,2.94245,5.15846
0,k6w02,3,7e2f727866c69ea0,84,83,2.67279,4.06203,2.68050,4.07649,nan,2.62180,4.00640,2.62889,4.02019
0,k6w02,3,82f90331a1dfe968,99,98,6.64908,13.33877,6.69720,13.44721,nan,3.29384,4.93410,3.30772,4.95678
1,k6w001,0,2a81f5233075e987,273,272,1.32758,2.30948,1.32846,2.31115,nan,1.22127,1.97560,1.22176,1.97604
1,k6w001,0,4014ae5bcda2726f,144,143,4.31757,9.47272,4.33952,9.52546,nan,2.34722,4.30919,2.35540,4.32581
1,k6w001,1,2a81f5233075e987,273,272,1.91353,3.13659,1.91151,3.13712,nan,1.89141,3.13659,1.88931,3.13712
1,k6w001,1,4014ae5bcda2726f,144,143,3.63695,6.72017,3.64474,6.74605,nan,2.97718,5.74818,2.98036,5.76727
1,k6w001,2,2a81f5233075e987,273,272,1.39518,2.33237,1.39621,2.33684,nan,1.23096,2.26608,1.23138,2.27031
1,k6w001,2,4014ae5bcda2726f,144,143,3.50754,6.62019,3.52371,6.65812,nan,2.08226,3.86746,2.08845,3.88615
1,k6w001,3,2a81f5233075e987,273,272,1.39572,2.01223,1.39162,2.00841,nan,1.35009,2.01223,1.34746,2.00841
1,k6w001,3,4014ae5bcda2726f,144,143,4.31887,8.43572,4.33098,8.47288,nan,2.06434,3.78035,2.06436,3.78496
1,k6w005,0,2a81f5233075e987,273,272,1.25542,2.39583,1.25488,2.39852,nan,1.16090,2.28911,1.16000,2.29140
1,k6w005,0,4014ae5bcda2726f,144,143,3.06147,6.23695,3.07247,6.26839,nan,1.91671,3.60419,1.91970,3.61722
1,k6w005,1,2a81f5233075e987,273,272,1.15648,1.94197,1.15582,1.94580,nan,1.13465,1.83224,1.13391,1.83567
1,k6w005,1,4014ae5bcda2726f,144,143,3.72698,7.32399,3.74277,7.36770,nan,2.76389,5.49990,2.77295,5.53086
1,k6w005,2,2a81f5233075e987,273,272,1.28545,1.94191,1.28326,1.93999,nan,1.23090,1.93503,1.22850,1.93309
1,k6w005,2,4014ae5bcda2726f,144,143,3.19276,5.93325,3.20146,5.95706,nan,2.25965,4.48077,2.26182,4.49442
1,k6w005,3,2a81f5233075e987,273,272,1.82325,3.07291,1.82657,3.08077,nan,1.11033,1.94468,1.11102,1.94840
1,k6w005,3,4014ae5bcda2726f,144,143,3.62722,7.15874,3.64535,7.20135,nan,2.44915,4.43518,2.45905,4.45874
1,k6w02,0,2a81f5233075e987,273,272,1.88630,3.15297,1.88846,3.15967,nan,1.56877,2.45764,1.56976,2.46179
1,k6w02,0,4014ae5bcda2726f,144,143,3.57574,7.33403,3.59092,7.37514,nan,2.33261,4.02753,2.33910,4.04551
1,k6w02,1,2a81f5233075e987,273,272,1.63785,2.58747,1.63991,2.59308,nan,1.40765,2.37972,1.40887,2.38457
1,k6w02,1,4014ae5bcda2726f,144,143,3.60928,7.32178,3.62619,7.36447,nan,2.46703,4.95562,2.47595,4.98177
1,k6w02,2,2a81f5233075e987,273,272,2.23679,4.29450,2.23955,4.30653,nan,1.36948,2.42790,1.37040,2.43307
1,k6w02,2,4014ae5bcda2726f,144,143,2.53199,4.57280,2.53852,4.59664,nan,1.91584,3.29731,1.92170,3.31223
1,k6w02,3,2a81f5233075e987,273,272,1.58149,2.86412,1.57937,2.86571,nan,1.23941,1.90622,1.23967,1.90691
1,k6w02,3,4014ae5bcda2726f,144,143,2.85301,5.31734,2.85723,5.33677,nan,2.20566,3.86251,2.21259,3.87861
